BewertungsDatum,Maturity,ATM_Puts_Bid,ATM_Puts_Ask,ATM_Calls_Bid,ATM_Calls_Ask,OTM_Puts_Bid,OTM_Puts_Ask,OTM_Calls_Bid,OTM_Calls_Ask,ATM_Strike_Call,ATM_Strike_Put,OTM_Put_Strike,OTM_Call_Strike
2013-04-19,2013-05-18,30.6,32.9,21.3,22.9,8.6,9.3,2.8,3.3,1550.0,1570.0,1500.0,1600.0
2013-05-17,2013-06-22,24.9,26.2,16.5,17.0,6.5,6.9,6.0,7.0,1675.0,1670.0,1600.0,1705.0
2013-06-21,2013-07-20,33.7,35.9,35.2,37.3,19.4,21.2,12.1,13.0,1580.0,1600.0,1560.0,1625.0
2013-07-19,2013-08-17,16.4,17.2,20.4,21.9,8.5,9.0,4.8,6.0,1690.0,1680.0,1650.0,1730.0
2013-08-16,2013-09-21,34.4,36.0,27.1,28.2,15.8,17.1,8.6,9.2,1650.0,1670.0,1620.0,1690.0
2013-09-20,2013-10-19,29.1,31.1,28.7,30.5,9.8,10.7,5.7,6.7,1695.0,1725.0,1670.0,1745.0
2013-10-18,2013-11-16,29.6,31.8,24.9,26.8,8.2,8.9,2.35,2.8,1730.0,1760.0,1700.0,1795.0
2013-11-15,2013-12-21,32.9,35.1,19.5,20.2,11.7,13.2,4.6,5.2,1800.0,1815.0,1760.0,1840.0
2013-12-20,2014-01-18,27.4,28.8,20.5,21.7,9.5,10.4,5.6,6.5,1820.0,1835.0,1780.0,1855.0
2014-01-17,2014-02-22,24.7,26.1,28.9,30.0,12.5,13.6,4.3,5.3,1825.0,1840.0,1800.0,1880.0
2014-02-21,2014-03-22,17.6,18.4,31.6,33.3,10.6,12.0,1.8,2.0,1820.0,1820.0,1790.0,1900.0
2014-03-21,2014-04-19,24.9,25.8,31.8,33.3,12.8,13.9,5.4,6.5,1850.0,1865.0,1825.0,1905.0
2014-04-17,2014-05-17,29.8,31.3,30.0,31.5,12.6,13.1,4.8,5.8,1850.0,1875.0,1825.0,1905.0
2014-05-16,2014-06-21,30.7,32.5,24.5,26.1,13.3,15.2,0.95,1.1,1875.0,1890.0,1840.0,1960.0
2014-06-20,2014-07-19,21.3,22.8,23.1,24.5,7.2,8.1,1.95,2.25,1950.0,1970.0,1920.0,2005.0
2014-07-18,2014-08-16,15.5,16.6,22.4,24.3,9.3,9.9,1.45,1.7,1970.0,1960.0,1930.0,2025.0
2014-08-15,2014-09-20,30.2,31.3,33.4,35.2,12.5,13.7,0.35,0.4,1940.0,1965.0,1900.0,2050.0
2014-09-19,2014-10-18,27.7,30.5,19.4,20.4,6.8,7.9,1.45,1.6,2010.0,2030.0,1950.0,2065.0
2014-10-17,2014-11-22,41.5,43.9,43.2,46.0,28.8,31.6,17.7,18.5,1875.0,1885.0,1845.0,1925.0
2014-11-21,2014-12-20,18.1,19.2,32.8,35.0,7.8,8.6,2.35,2.6,2045.0,2050.0,2000.0,2125.0
2014-12-19,2015-01-17,35.2,38.2,43.7,45.5,14.8,15.9,9.0,10.7,2050.0,2090.0,2025.0,2115.0
2015-01-16,2015-02-20,50.9,52.5,39.0,40.2,29.3,30.1,14.9,15.5,2020.0,2035.0,1975.0,2070.0
2015-02-20,2015-03-20,37.1,38.7,37.4,39.2,11.6,12.2,4.5,5.2,2090.0,2130.0,2050.0,2160.0
2015-03-20,2015-04-17,28.2,29.7,27.2,28.7,10.5,10.9,2.95,3.9,2100.0,2115.0,2050.0,2160.0
2015-04-17,2015-05-15,28.3,29.0,23.3,24.5,9.0,9.7,6.4,7.4,2085.0,2080.0,2000.0,2125.0
2015-05-15,2015-06-19,27.0,28.4,27.1,28.7,16.1,16.7,3.9,4.5,2120.0,2115.0,2075.0,2175.0
2015-06-19,2015-07-17,39.0,41.3,33.6,35.5,16.1,17.5,4.1,5.3,2095.0,2130.0,2065.0,2160.0
2015-07-17,2015-08-21,27.0,28.7,15.6,16.5,13.3,13.9,1.9,2.2,2140.0,2125.0,2075.0,2190.0
2015-08-21,2015-09-18,54.6,59.2,40.2,42.0,34.2,38.6,24.6,27.7,1990.0,1990.0,1930.0,2020.0
2015-09-18,2015-10-16,35.9,38.0,52.2,55.3,22.5,24.3,18.4,20.7,1940.0,1950.0,1900.0,2000.0
2015-10-16,2015-11-20,39.9,40.7,40.9,41.7,17.4,17.8,10.0,10.4,2015.0,2045.0,1975.0,2075.0
2015-11-20,2015-12-19,39.6,41.0,41.0,42.5,13.5,14.3,6.1,6.7,2070.0,2110.0,2025.0,2140.0
2015-12-18,2016-01-15,48.8,51.2,45.0,47.1,24.8,26.7,14.3,16.1,1990.0,2025.0,1960.0,2050.0
2016-01-15,2016-02-19,54.6,59.5,49.3,52.2,27.0,28.5,29.0,32.5,1880.0,1895.0,1800.0,1920.0
2016-02-19,2016-03-18,32.4,33.1,40.8,41.6,24.9,25.8,16.3,17.2,1910.0,1900.0,1875.0,1960.0
2016-03-18,2016-04-15,23.4,24.4,35.2,37.0,13.7,13.9,5.8,6.2,2030.0,2035.0,2000.0,2095.0
2016-04-15,2016-05-20,32.3,33.7,41.2,42.6,11.2,11.9,6.4,7.0,2060.0,2085.0,2000.0,2130.0
2016-05-20,2016-06-17,23.4,24.3,37.8,39.2,7.0,7.2,7.8,8.6,2035.0,2035.0,1950.0,2095.0
2016-06-17,2016-07-15,42.8,44.1,43.1,44.5,23.4,24.4,2.0,2.1,2055.0,2080.0,2020.0,2155.0
2016-07-15,2016-08-19,25.2,25.8,30.5,32.2,14.4,15.5,6.5,7.4,2150.0,2150.0,2110.0,2205.0
2016-08-19,2016-09-16,28.2,29.1,31.5,32.4,9.9,10.6,1.7,2.3,2165.0,2200.0,2140.0,2230.0
2016-09-16,2016-10-21,44.0,45.2,42.3,43.4,21.6,22.7,8.7,9.7,2125.0,2160.0,2095.0,2190.0
2016-10-21,2016-11-18,32.2,33.6,35.5,37.3,13.8,14.9,0.7,0.8,2125.0,2150.0,2090.0,2225.0
2016-11-18,2016-12-16,25.5,27.0,23.2,24.1,12.6,13.6,0.8,0.9,2185.0,2180.0,2135.0,2275.0
2016-12-16,2017-01-20,31.8,33.2,27.5,28.4,8.0,8.7,8.2,9.3,2260.0,2270.0,2175.0,2305.0
2017-01-20,2017-02-17,15.7,16.6,26.1,27.6,9.8,10.7,2.1,2.65,2260.0,2250.0,2220.0,2325.0
2017-02-17,2017-03-17,25.1,26.4,21.2,22.1,9.7,10.2,3.9,4.5,2350.0,2355.0,2300.0,2400.0
2017-03-17,2017-04-21,33.6,35.9,33.2,35.0,7.3,7.7,4.7,5.8,2365.0,2400.0,2300.0,2430.0
2017-04-21,2017-05-19,37.5,39.9,41.5,44.1,16.0,17.9,0.75,0.9,2330.0,2370.0,2300.0,2450.0
2017-05-19,2017-06-16,23.3,24.4,27.4,28.5,10.7,11.5,3.1,3.7,2375.0,2380.0,2325.0,2430.0
2017-06-16,2017-07-21,27.5,28.8,32.6,33.7,10.1,10.8,2.9,3.4,2420.0,2445.0,2375.0,2485.0
2017-07-21,2017-08-18,22.0,23.3,24.7,25.9,4.2,4.4,1.15,1.45,2460.0,2480.0,2380.0,2525.0
2017-08-18,2017-09-15,34.1,36.1,39.7,41.5,12.4,13.3,5.5,6.2,2410.0,2440.0,2350.0,2475.0
2017-09-15,2017-10-20,21.4,22.0,24.5,25.4,6.8,7.0,1.5,1.6,2495.0,2500.0,2400.0,2560.0
2017-10-20,2017-11-17,20.4,21.4,21.8,22.4,6.3,6.6,1.6,1.8,2570.0,2580.0,2500.0,2630.0
2017-11-17,2017-12-15,23.2,24.0,30.9,31.9,8.5,8.7,2.1,2.3,2565.0,2580.0,2500.0,2635.0
2017-12-15,2018-01-19,25.4,26.7,13.5,14.0,6.8,7.1,4.7,5.3,2700.0,2690.0,2600.0,2730.0
2018-01-19,2018-02-16,33.2,34.4,31.9,33.1,6.2,6.5,1.8,1.9,2800.0,2825.0,2700.0,2900.0
2018-02-16,2018-03-16,43.1,44.0,51.0,51.7,22.2,23.0,8.1,8.5,2720.0,2740.0,2665.0,2825.0
2018-03-16,2018-04-20,39.7,41.8,41.0,41.8,20.6,21.9,8.3,9.0,2750.0,2760.0,2690.0,2830.0
2018-04-20,2018-05-18,42.6,43.7,36.7,38.0,19.6,20.5,14.0,15.5,2675.0,2680.0,2600.0,2725.0
2018-05-18,2018-06-15,26.1,26.5,39.2,39.8,14.3,14.6,2.75,2.9,2700.0,2700.0,2650.0,2800.0
2018-06-15,2018-07-20,37.7,38.6,45.1,46.3,11.8,12.3,6.9,7.4,2760.0,2800.0,2700.0,2840.0
2018-07-20,2018-08-17,26.9,27.7,37.9,38.8,8.5,8.8,3.7,3.9,2785.0,2800.0,2700.0,2865.0
2018-08-17,2018-09-21,38.4,39.2,46.6,47.4,13.8,14.2,7.7,8.0,2830.0,2870.0,2775.0,2910.0
2018-09-21,2018-10-19,35.4,35.8,40.2,40.9,7.7,7.9,3.6,3.8,2910.0,2950.0,2825.0,3000.0
2018-10-19,2018-11-16,58.5,59.5,56.1,57.1,30.9,31.6,19.6,20.2,2755.0,2785.0,2700.0,2825.0
2018-11-16,2018-12-21,59.8,61.1,68.4,69.8,30.9,31.8,23.8,24.6,2720.0,2760.0,2675.0,2805.0
2018-12-21,2019-01-18,80.2,81.9,77.9,79.5,34.3,35.2,35.4,36.2,2400.0,2440.0,2305.0,2485.0
2019-01-18,2019-02-15,44.9,45.8,51.4,52.4,20.5,21.0,17.7,18.2,2655.0,2680.0,2600.0,2725.0
2019-02-15,2019-03-15,33.7,34.2,37.5,37.8,17.6,17.9,9.8,10.1,2775.0,2770.0,2710.0,2840.0
2019-03-15,2019-04-18,45.6,46.3,43.4,44.0,13.1,13.4,3.2,3.3,2815.0,2850.0,2735.0,2930.0
2019-04-18,2019-05-17,39.2,39.8,42.3,42.9,11.9,12.2,6.4,6.7,2890.0,2925.0,2825.0,2970.0
2019-05-17,2019-06-21,52.8,53.6,66.9,67.8,29.5,30.1,18.7,19.2,2835.0,2875.0,2800.0,2920.0
2019-06-21,2019-07-19,53.8,54.6,50.3,51.0,15.8,16.0,15.3,15.7,2935.0,2975.0,2850.0,3010.0
2019-07-19,2019-08-16,35.5,36.5,44.1,45.2,18.3,18.8,5.5,5.8,2965.0,2970.0,2900.0,3055.0
2019-08-16,2019-09-20,62.9,63.7,79.5,80.3,40.4,41.1,26.8,27.5,2860.0,2900.0,2830.0,2950.0
2019-09-20,2019-10-18,46.6,47.4,58.1,59.1,25.9,26.6,10.6,11.2,2965.0,3000.0,2930.0,3055.0
2019-10-18,2019-11-15,43.7,44.2,51.6,52.4,19.4,19.9,10.9,11.4,2970.0,3000.0,2915.0,3050.0
2019-11-15,2019-12-20,53.8,54.2,50.2,50.8,13.8,13.9,8.6,8.9,3100.0,3150.0,3000.0,3190.0
2020-01-17,2020-02-21,50.5,51.1,49.1,49.7,20.0,20.4,8.5,8.8,3310.0,3350.0,3250.0,3400.0
2020-02-21,2020-03-20,55.7,56.2,64.9,65.5,20.3,20.6,15.2,15.7,3320.0,3350.0,3200.0,3410.0
2020-03-20,2020-04-17,157.0,161.2,151.0,155.7,130.4,134.8,109.6,114.1,2290.0,2320.0,2255.0,2365.0
2020-04-17,2020-05-15,109.2,110.4,112.1,113.5,78.0,79.1,61.8,63.0,2860.0,2890.0,2800.0,2950.0
2020-05-15,2020-06-19,94.9,96.1,99.3,100.4,65.9,66.8,49.3,50.1,2845.0,2845.0,2750.0,2935.0
2020-06-19,2020-07-17,98.6,99.9,100.1,101.2,73.8,74.6,50.8,51.8,3070.0,3075.0,3000.0,3160.0
2020-07-17,2020-08-21,82.8,83.4,89.2,89.8,59.9,60.4,42.0,42.3,3210.0,3220.0,3150.0,3300.0
2020-08-21,2020-09-18,64.1,64.6,73.7,74.1,36.7,37.0,20.9,21.2,3375.0,3400.0,3300.0,3480.0
2020-09-18,2020-10-16,90.9,92.1,92.0,93.1,43.6,44.4,30.2,30.8,3300.0,3350.0,3210.0,3425.0
2020-10-16,2020-11-20,98.0,98.9,111.5,112.6,77.9,78.7,45.7,46.3,3450.0,3460.0,3400.0,3575.0
2020-11-20,2020-12-18,86.4,87.4,87.1,88.1,43.5,44.2,33.5,34.2,3525.0,3570.0,3435.0,3630.0
2020-12-18,2021-01-15,72.7,74.0,86.6,87.8,41.7,42.6,18.1,18.5,3690.0,3730.0,3625.0,3830.0
2021-01-15,2021-02-19,96.5,97.5,101.2,102.1,63.5,64.3,37.6,38.3,3735.0,3775.0,3670.0,3850.0
2021-02-19,2021-03-19,78.0,78.7,65.7,66.2,47.6,48.2,22.9,23.4,3910.0,3915.0,3810.0,4000.0
2021-03-19,2021-04-16,58.3,59.1,57.3,57.9,45.1,45.9,24.1,24.7,3925.0,3875.0,3825.0,4000.0
2021-04-16,2021-05-21,76.9,77.6,67.1,67.8,26.1,26.4,18.4,18.8,4175.0,4200.0,4000.0,4290.0
2021-05-21,2021-06-18,58.3,59.0,90.6,91.4,45.3,45.9,24.4,24.9,4125.0,4120.0,4065.0,4245.0
2021-06-17,2021-07-16,58.4,59.1,52.8,53.5,31.1,31.7,11.6,12.0,4230.0,4220.0,4100.0,4325.0
2021-07-16,2021-08-20,70.9,73.1,94.3,95.1,53.2,53.9,20.4,21.0,4290.0,4310.0,4240.0,4425.0
2021-08-20,2021-09-17,63.6,64.1,80.6,81.0,42.4,42.8,10.3,10.4,4410.0,4435.0,4350.0,4555.0
2021-09-17,2021-10-15,71.1,71.9,97.0,97.8,50.0,50.6,20.5,21.0,4390.0,4410.0,4325.0,4525.0
2021-10-15,2021-11-19,57.8,58.1,67.7,68.3,32.6,32.9,9.6,9.8,4470.0,4430.0,4300.0,4625.0
2021-11-19,2021-12-17,69.4,70.0,77.0,77.6,40.5,40.9,12.5,12.8,4680.0,4700.0,4590.0,4825.0
2021-12-17,2022-01-21,107.8,109.2,131.7,133.0,63.0,64.0,43.4,44.3,4575.0,4650.0,4500.0,4725.0
2022-01-21,2022-02-18,133.5,135.0,140.2,141.8,86.8,88.1,61.3,62.6,4355.0,4425.0,4300.0,4500.0
2022-02-18,2022-03-18,115.9,117.2,130.7,132.0,82.4,83.4,61.4,62.5,4325.0,4350.0,4250.0,4450.0
2022-03-18,2022-04-14,99.8,101.3,117.5,119.2,40.1,40.8,44.3,45.5,4425.0,4480.0,4250.0,4560.0
2022-04-14,2022-05-20,121.3,123.9,129.6,131.6,59.5,60.3,42.9,43.8,4350.0,4425.0,4230.0,4510.0
2022-05-20,2022-06-17,131.9,133.4,115.6,117.1,78.0,79.4,67.8,69.9,3895.0,3935.0,3800.0,3990.0
2022-06-17,2022-07-15,120.8,122.0,126.1,127.7,79.8,80.8,75.0,76.0,3650.0,3700.0,3600.0,3750.0
2022-07-15,2022-08-19,121.2,122.0,127.7,128.6,68.8,69.4,60.3,61.0,3825.0,3900.0,3760.0,3950.0
2022-08-19,2022-09-16,101.8,102.5,101.0,101.9,49.2,49.7,39.9,40.4,4200.0,4270.0,4130.0,4320.0
2022-09-16,2022-10-21,128.0,129.0,133.4,134.5,76.3,77.1,69.1,69.9,3850.0,3910.0,3780.0,3975.0
2022-10-21,2022-11-18,101.5,102.3,116.2,117.1,63.8,64.4,76.1,76.9,3755.0,3730.0,3625.0,3840.0
2022-11-18,2022-12-16,91.9,92.5,88.7,89.3,61.3,61.8,44.9,45.3,3980.0,3965.0,3885.0,4080.0
2022-12-16,2023-01-20,85.4,86.2,101.3,102.1,65.2,66.0,61.3,62.1,3850.0,3830.0,3775.0,3930.0
2023-01-20,2023-02-17,80.1,80.8,62.6,63.2,36.4,36.9,35.6,36.1,4010.0,3980.0,3845.0,4075.0
2023-02-17,2023-03-17,72.0,72.5,83.0,83.5,42.9,43.4,34.7,35.2,4080.0,4070.0,3975.0,4180.0
2023-03-17,2023-04-21,108.6,109.6,123.9,124.9,69.2,70.0,68.3,69.2,3900.0,3940.0,3825.0,4000.0
2023-04-21,2023-05-19,64.4,65.0,68.9,69.5,31.4,31.8,5.8,5.9,4135.0,4145.0,4025.0,4310.0
2023-05-19,2023-06-16,59.3,59.8,92.6,93.4,22.2,22.4,18.3,18.6,4155.0,4195.0,4020.0,4300.0
2023-06-16,2023-07-21,57.1,58.0,100.5,101.9,25.1,25.6,30.1,30.7,4370.0,4425.0,4310.0,4500.0
2023-07-21,2023-08-18,56.6,57.4,84.9,86.1,12.0,12.2,10.6,10.9,4500.0,4555.0,4350.0,4675.0
2023-08-18,2023-09-15,67.6,68.4,87.6,88.6,37.2,37.9,19.3,19.7,4355.0,4380.0,4280.0,4500.0
2023-09-15,2023-10-20,62.3,63.2,76.2,77.1,17.6,17.8,26.6,27.2,4450.0,4475.0,4275.0,4550.0
2023-10-20,2023-11-17,72.9,73.8,81.0,81.8,51.9,52.4,41.9,42.6,4240.0,4200.0,4130.0,4320.0
2023-11-17,2023-12-15,56.6,57.2,86.5,87.5,20.0,20.2,16.5,16.9,4475.0,4530.0,4400.0,4625.0
2023-12-15,2024-01-19,56.6,57.5,83.3,84.6,18.8,19.2,25.0,25.7,4700.0,4740.0,4595.0,4820.0
2024-01-19,2024-02-16,66.5,67.2,83.2,84.0,22.6,23.0,18.0,18.4,4815.0,4875.0,4735.0,4960.0
2024-02-16,2024-03-15,67.0,67.7,70.7,71.4,27.4,27.7,21.2,21.6,5000.0,5025.0,4900.0,5120.0
2024-03-15,2024-04-19,77.9,78.7,89.9,90.7,33.8,34.4,17.9,18.1,5120.0,5150.0,5010.0,5300.0
2024-04-19,2024-05-17,99.5,100.8,107.1,108.3,36.1,36.8,44.4,45.2,4950.0,5010.0,4810.0,5075.0
2024-05-17,2024-06-21,59.3,60.0,85.7,86.6,23.3,23.8,24.1,24.6,5290.0,5315.0,5180.0,5425.0
2024-06-21,2024-07-19,66.8,67.4,89.5,90.2,23.8,24.1,27.7,28.1,5450.0,5500.0,5350.0,5575.0
2024-07-19,2024-08-16,92.4,93.4,110.2,111.2,37.3,37.8,33.3,33.9,5475.0,5550.0,5375.0,5625.0
2024-08-16,2024-09-20,91.4,92.4,98.9,99.9,38.4,39.0,36.8,37.6,5555.0,5600.0,5425.0,5680.0
2024-09-20,2024-10-18,68.6,69.2,84.7,85.8,32.9,33.5,26.3,26.9,5700.0,5700.0,5550.0,5830.0
2024-10-18,2024-11-15,96.4,97.4,95.9,96.8,45.2,45.8,36.6,37.3,5875.0,5900.0,5730.0,6000.0
2024-11-15,2024-12-20,92.0,92.9,123.3,124.2,48.7,49.4,47.2,47.9,5850.0,5900.0,5750.0,5990.0
2024-12-20,2025-01-17,98.2,99.9,111.3,112.8,32.8,33.5,40.4,41.5,5925.0,5975.0,5700.0,6055.0
2025-01-17,2025-02-21,108.9,110.0,131.5,132.8,39.0,39.6,39.5,40.2,5950.0,6055.0,5825.0,6125.0
2025-02-21,2025-03-21,97.5,98.8,140.0,141.3,47.9,48.8,38.4,39.0,5960.0,6050.0,5875.0,6135.0
2025-03-21,2025-04-17,110.0,111.0,139.7,140.6,58.6,59.3,47.6,48.2,5625.0,5700.0,5550.0,5800.0
2025-04-17,2025-05-16,150.0,152.1,184.2,186.2,102.1,103.8,99.1,101.1,5250.0,5300.0,5160.0,5400.0
2025-05-16,2025-06-20,116.1,117.2,132.7,133.9,53.4,54.1,45.7,46.5,5925.0,6000.0,5800.0,6100.0
2025-06-20,2025-07-18,121.7,123.0,128.1,129.2,55.2,56.0,47.3,48.2,5950.0,6025.0,5800.0,6100.0
2025-07-18,2025-08-15,105.3,106.5,97.4,98.1,43.5,44.3,18.8,19.2,6300.0,6350.0,6150.0,6500.0
2025-08-15,2025-09-19,106.6,107.6,103.7,104.6,43.2,43.9,33.4,34.1,6450.0,6500.0,6270.0,6600.0
2025-09-19,2025-10-17,95.0,95.8,106.7,107.7,39.7,40.0,33.9,34.6,6650.0,6700.0,6500.0,6800.0
2025-10-17,2025-11-21,124.0,125.0,159.8,160.9,59.9,60.6,73.3,74.4,6650.0,6675.0,6400.0,6800.0
2025-11-21,2025-12-19,146.2,148.2,153.4,155.1,63.0,64.2,50.7,51.9,6600.0,6650.0,6345.0,6800.0
